<?xml version="1.0" encoding="UTF-8"?>
<project-private xmlns="http://www.netbeans.org/ns/project-private/1">
    <editor-bookmarks xmlns="http://www.netbeans.org/ns/editor-bookmarks/2" lastBookmarkId="0"/>
    <open-files xmlns="http://www.netbeans.org/ns/projectui-open-files/2">
        <group>
            <file>file:/A:/Java%20practice/Qpaper/src/User_side/user.java</file>
            <file>file:/A:/Java%20practice/Qpaper/src/User_side/Test_Panel.java</file>
            <file>file:/A:/Java%20practice/Qpaper/src/User_side/Result.java</file>
            <file>file:/A:/Java%20practice/Qpaper/src/qpaper/Q_writer.java</file>
            <file>file:/A:/Java%20practice/Qpaper/src/qpaper/Qpaper.java</file>
            <file>file:/A:/Java%20practice/Qpaper/src/qpaper/Inst_Panel.java</file>
            <file>file:/A:/Java%20practice/Qpaper/src/qpaper/Inst_menu.java</file>
            <file>file:/A:/Java%20practice/Qpaper/src/qpaper/Login.java</file>
            <file>file:/A:/Java%20practice/Qpaper/src/qpaper/Instructor.java</file>
            <file>file:/A:/Java%20practice/Qpaper/src/qpaper/Add_I.java</file>
            <file>file:/A:/Java%20practice/Qpaper/src/qpaper/Questions.java</file>
            <file>file:/A:/Java%20practice/Qpaper/src/User_side/user_test.java</file>
            <file>file:/A:/Java%20practice/Qpaper/src/User_side/user_log.java</file>
            <file>file:/A:/Java%20practice/Qpaper/src/qpaper/Add_question.java</file>
            <file>file:/A:/Java%20practice/Qpaper/src/qpaper/Q_Paper.java</file>
            <file>file:/A:/Java%20practice/Qpaper/src/qpaper/Admin_Panel.java</file>
        </group>
    </open-files>
</project-private>
